"Test-Projekt ID","Test-Projekt Name","Test-Projekt Owner","Test-Projekt Owner ID",Email,"Secondary Email","Created By","Created by ID","Modified By","Modified by ID","Created Time","Modified Time","Last Activity Time","Email Opt Out",Tag,Projektidee,Themenkategorie,Status,Ort,Fortschritt,Projektname,"CustomModule3 Id",Vorname
zcrm_70390000001477644,Paul,test,zcrm_70390000001473010,paul@paul.paul,,test,zcrm_70390000001473010,"Ivo Degn",zcrm_70390000000096001,"2018-06-05 15:40:50","2018-07-09 11:51:46","2018-07-09 11:51:46",false,,,,,,,,,
zcrm_70390000001719187,Parsons,test,zcrm_70390000001473010,test@projecttogether.org,,"Ivo Degn",zcrm_70390000000096001,"Ivo Degn",zcrm_70390000000096001,"2018-07-09 11:36:29","2018-07-09 11:51:46","2018-07-09 11:51:46",false,,"Im Schulprojekt „Herausforderung“ suchen sich Schüler (Klasse 8/9) in Kleingruppen eine Herausforderung, die sie meistern wollen. Dazu bekommen sie 17 Tage Schulzeit und 150 Euro pro Person. Sie werden dabei von Studenten begleitet, die nur im Notfall eingreifen.
Ob Fahrradtrip, Kanutour, Leben auf dem Bauernhof oder Aufenthalt im Schweigekloster – alles ist möglich. Es gibt nur eine Voraussetzung: Sie müssen ihre Lehrer überzeugen, wieso sie genau mit diesem Projektvorhaben ihren Herzenswünschen, Träumen und Sehnsüchten näher kommen.
Für das Projekt werden (meist studentische) Begleiter gesucht, die als angehende Pädagogen viel über sich und ihren Umgang, ihre Haltung mit Jugendlichen lernen. Dies stellt einen extrem wichtigen Schritt für die Professionalisierung als Pädagogen dar, da sie lernen Verantwortung an die Jugendlichen abzugeben und ihnen in Scheitersituation zutrauen müssen, dass sie es schaffen.
Ich möchte das Schulprojekt verbinden mit einer Führungskräfteausbildung analog zu dem Adaptive Leadership Konzept der Harvard University. (Angehende) Führungskräfte durchlaufen diese Ausbildung und begleiten später die Jugendlichen im Projekt und bekommen so Feedback zu ihren (teils unbewussten) Verhaltens- und Haltungsmustern. Dieses Feedback ist enorm wichtig, weil sie es im Arbeitskontext nur selten bekommen. Außerdem ist die Idee ein Novum in der vertikalen Führungskräfteentwicklung, da es auf Erfahrungslernen basiert. Teams in Unternehmen sollen darüberhinaus bei der Durchführung eigener Herausforderungsprojekte innerhalb eines Führungskräfteprogramms begleitet werden.","Hochwertige Bildung",,Potsdam,,"eDUCO - Challenging Educational Design",70390000001712052,"Jorge  "
zcrm_70390000001719188,Chaney,test,zcrm_70390000001473010,test@projecttogether.org,,"Ivo Degn",zcrm_70390000000096001,"Ivo Degn",zcrm_70390000000096001,"2018-07-09 11:36:29","2018-07-09 11:51:46","2018-07-09 11:51:46",false,,"Ich arbeite an einem Projekt zur Erhöhung der Vegetation in städtischen Umgebungen (drinnen und draußen) und entlang von Straßen und Bahnlinien. Mein Ziel ist es, mit Kletterpflanzen wie Ivy schnell und kostengünstig grüne Städte, Straßen und Bahnstrecken zu erschließen.","Maßnahmen zum Klimaschutz",,München,,"Rentbar und nachhaltige Stadtbegrünung",70390000001674085,"Donya  "
zcrm_70390000001719189,Neal,test,zcrm_70390000001473010,test@projecttogether.org,,"Ivo Degn",zcrm_70390000000096001,"Ivo Degn",zcrm_70390000000096001,"2018-07-09 11:36:29","2018-07-09 11:51:46","2018-07-09 11:51:46",false,,"Kleiderei - der unendliche Kleiderschrank. Kleidung wird im Monatspaket gemietet. Das Paket wird für die Kundin persönlich kuratiert.","Nachhaltige/r Konsum und Produktion",,Hamburg,,Kleiderei,70390000001638040,"Barbra  "
zcrm_70390000001719190,Mooney,test,zcrm_70390000001473010,test@projecttogether.org,,"Ivo Degn",zcrm_70390000000096001,"Ivo Degn",zcrm_70390000000096001,"2018-07-09 11:36:29","2018-07-09 11:51:46","2018-07-09 11:51:46",false,,"Wir sind eine Gruppe von Menschen, die Bildung anders machen wollen: selbstbestimmt, frei, konstruktiv und zukunftsweisend!

Wir unterwegs sein: zu Fuß, mit dem Fahrrad, im eigenen Auto oder trampend; in Natur und Großstadt übernachten wir auf der freien Wiese, im Zelt oder auf der Couch. Unterwegs zu neuem Wissen zu den globalen Herausforderungen unserer Zeit wollen wir auf der Reise lernen, wie unsere Welt und Gesellschaft funktioniert, was sich verändern muss und wie es weiter gehen kann!
Dazu besuchen wir Experten, Projekte und Gemeinschaften, von denen wir lernen können, wie theoretisch und ganz praktisch Veränderung entstehen kann. Wir werden Interviews führen, in Dialog treten und einen Blog dabei schreiben. Jeder kann einen eigenen Schwerpunkt bei diesem Thema legen, welches uns täglich beschäftigen und dann gemeinsam reflektiert und ausgewertet wird. Dabei wollen wir Menschen vernetzen, eigene Workshops geben, neue Projekte initiieren und zeigen, dass Bildung lebensnah, lösungs- und zukunftsorientiert sein kann!",,"New Record - Haupt_Zielgruppe : Invalid data",,,,70390000001619201,"Julienne  "
zcrm_70390000001719191,Miranda,test,zcrm_70390000001473010,test@projecttogether.org,,"Ivo Degn",zcrm_70390000000096001,"Ivo Degn",zcrm_70390000000096001,"2018-07-09 11:36:29","2018-07-09 11:51:46","2018-07-09 11:51:46",false,,"Schwerst- und sterbenskranken Kindern eine intensivmedizinische und palliative Versorgung zu Hause zu gewährleisten.",,"New Record - Record added",,,,70390000001619200,"Joycelyn  "
zcrm_70390000001719192,Prince,test,zcrm_70390000001473010,test@projecttogether.org,,"Ivo Degn",zcrm_70390000000096001,"Ivo Degn",zcrm_70390000000096001,"2018-07-09 11:36:29","2018-07-09 11:51:46","2018-07-09 11:51:46",false,,"Die Idee ist ein simples Wasserentsalzungs-Tool aus recyceltem Kunststoff zu entwickeln und anschließend in Küstenregionen mit Trinkwassermangel herzustellen sowie zu vertreiben. (nach dem Enactus-Prinzip)",,"New Record - Record added",,,,70390000001619199,"Edyth  "
zcrm_70390000001719193,Cooke,test,zcrm_70390000001473010,test@projecttogether.org,,"Ivo Degn",zcrm_70390000000096001,"Ivo Degn",zcrm_70390000000096001,"2018-07-09 11:36:29","2018-07-09 11:51:46","2018-07-09 11:51:46",false,,"Applic-Aid is a social platform, which fights inequality in the educational system, by matching scholars from all sorts of scholarships, with less-privileged students who want to apply, which makes us a multiplier for future Young Leaders. 
It is a worldwide peer-to-peer mentoring for scholarship applications. Easy accessible and completly free.",,"New Record - Handynummer : Invalid data",,,,70390000001619198,"Tanya  "
zcrm_70390000001719194,Vincent,test,zcrm_70390000001473010,test@projecttogether.org,,"Ivo Degn",zcrm_70390000000096001,"Ivo Degn",zcrm_70390000000096001,"2018-07-09 11:36:29","2018-07-09 11:51:46","2018-07-09 11:51:46",false,,"Start Right e.V. ist eine studentische Initiative, die soziale Projekte durch pro bono Rechtsberatung unterstützt. Anfangs werden wir vorrangig im Vereins- und Gesellschaftsrecht beraten.",,"New Record - Record added",,,,70390000001619197,"Almeda  "
zcrm_70390000001719195,Shah,test,zcrm_70390000001473010,test@projecttogether.org,,"Ivo Degn",zcrm_70390000000096001,"Ivo Degn",zcrm_70390000000096001,"2018-07-09 11:36:29","2018-07-09 11:51:46","2018-07-09 11:51:46",false,,"Ich denke hier wird die Idee am besten beschrieben: 
http://nepals.de/index.php?id=5",,"New Record - PLZ : Invalid data",,,,70390000001619196,"Katia  "
zcrm_70390000001719196,Hernandez,test,zcrm_70390000001473010,test@projecttogether.org,,"Ivo Degn",zcrm_70390000000096001,"Ivo Degn",zcrm_70390000000096001,"2018-07-09 11:36:29","2018-07-09 11:51:46","2018-07-09 11:51:46",false,,"Bildung ist der Schlüssel für nachhaltige Entwicklung und Armutsbekämpfung. Ein großes Problem in Kamerun ist der Zugang zu höherer Bildung auf Grund von Studiengebühren, die viele Studenten nicht aus der eigenen Tasche bezahlen können. Die begrenzten Möglichkeiten ihrer Familien führen zusätzlich zu hohem Druck andere Wege zur Finanzierung zu finden, wenn jemand studieren gehen möchte. Da der formale Arbeitsmarkt ihnen nicht offen steht, halten sich viele Studierende mit informellen und unsicheren Jobs über Wasser oder fallen auf Prostitution und Diebstahl zurück. Diese Aktivitäten erfordern viel Zeit und Energie und sind meistens nicht gewinnbringend. Viele junge Menschen vernachlässigen daher ihr Studium oder brechen es ganz ab.

Gleichzeitig gibt es viele Unternehmen, die kurzfristig Aushilfen (bsp. im Krankheitsfall) benötigen könnten. Allerdings gibt es keine formalisierten Prozesse, diese zu finden oder anzustellen. Ein weiteres Beispiel sind Privatleute, die für geringe Zeiten Unterstützung im Haushalt benötigen. 

Mit der Gründung meiner gemeinnützigen Unternehmung verfolge ich nun das Ziel, diese Lücke im System zu überbrücken. Ich möchte gerne als Vermittler zwischen Studierenden, die eine sichere und zugleich lukrative Tätigkeiten neben dem Studium suchen und Unternehmen, die flexible und zugleich zuverlässige sowie leistungsfähige Kurzzeit-Arbeitskräfte suchen, fungieren. 

Mit dem nicht gewinnorientierten Unternehmen Service Échange (frz. für Austausch-Dienst) möchte ich gezielte und tiefgehende Personalberatung und -vermittlung anbieten. Das Angebot richtet sich dabei nicht nur an den Privatsektor und private Haushalte, sondern auch an staatliche Einrichtungen, da die zu vermittelnden Studenten auf Grund ihrer erweiterten Bildung bereits als kompetente Fachkräfte eingesetzt werden können. 

Für die Service-Suchenden bietet das Unternehmen die folgenden Vorteile: 

- Sich in guter Ausbildung befindende und leistungsfähige Fachkräfte, die flexibel auf",,"New Record - PLZ : Invalid data",,,,70390000001619195,"Sylvia  "
zcrm_70390000001719197,Smith,test,zcrm_70390000001473010,test@projecttogether.org,,"Ivo Degn",zcrm_70390000000096001,"Ivo Degn",zcrm_70390000000096001,"2018-07-09 11:36:29","2018-07-09 11:51:46","2018-07-09 11:51:46",false,,"Förderung der Entwicklungszusammenarbeit in Bereich Gesundheit und Bildung
In Afrika.",,"New Record - Handynummer : Invalid data",,,,70390000001619194,"Lurlene  "
zcrm_70390000001719198,Oconnor,test,zcrm_70390000001473010,test@projecttogether.org,,"Ivo Degn",zcrm_70390000000096001,"Ivo Degn",zcrm_70390000000096001,"2018-07-09 11:36:29","2018-07-09 11:51:46","2018-07-09 11:51:46",false,,"Eine App für mehr Partizipation an Politik und lokaler Umgebung. Die App unterstützt junge Menschen durch einen Gamification-Ansatz, mehr an Politik teilzunehmen. Einerseits gibt es Reminder über Wahltermine und mehr Transparenz über politische Parteien, demokratische Prozesse. Andererseits aber auch die Möglichkeit, für seine Interessen einzutreten.",,"New Record - PLZ : Invalid data",,,,70390000001619193,"Ruthie  "
zcrm_70390000001719199,Ayala,test,zcrm_70390000001473010,test@projecttogether.org,,"Ivo Degn",zcrm_70390000000096001,"Ivo Degn",zcrm_70390000000096001,"2018-07-09 11:36:29","2018-07-09 11:51:46","2018-07-09 11:51:46",false,,"Das Projekt verfolgt das Ziel, kommunale Integrationsarbeit durch innovative Partizipationsformate mit Geflüchteten und Migranten bedarfsgerecht zu gestalten. Ich biete Kommunen Begleitungsformate an, bei denen sie ihre anstehenden Integrationsarbeiten partizipativ mit der Zielgruppe gestalten

Abhängig von vorliegenden Fragestellungen begleiten ich die Kommune durch kurzfristige Interventionen oder eine mehrmonatige Kooperation. Dabei setzen sich die Kommunalvertreter in interaktiven Workshops mit den Bedürfnissen der Zielgruppe auseinander. Sie diskutieren, gemeinsam mit den Migranten und Geflüchteten, aktuelle Herausforderungen und arbeiten an innovativen und zukunftsgerichteten Lösungen. Migranten oder Geflüchteten werden somit bereits in einem frühen Projektstatus in die Erarbeitung der Lösung eingebunden, um die Passgenauigkeit der Lösung zu erhöhen. 

Methodisch fußen die Formate auf dem Design Thinking Ansatz. Design Thinking basiert auf der Idee, in iterativen und interaktiven Prozessen, innovative Lösungen zu entwickeln. Der Mensch, als Nutzer eines Produktes, steht im Mittelpunkt.",,"New Record - PLZ : Invalid data",,,,70390000001619192,"Delbert  "
zcrm_70390000001719200,Lopez,test,zcrm_70390000001473010,test@projecttogether.org,,"Ivo Degn",zcrm_70390000000096001,"Ivo Degn",zcrm_70390000000096001,"2018-07-09 11:36:29","2018-07-09 11:51:46","2018-07-09 11:51:46",false,,"Wir entwickeln AUIO – die Video-Lernplattform für Menschen im Autismusspektrum und deren Umfeld. Es ist unsere Mission, die Gesellschaft mit niedrigschwelligen Videos über Autismus aufzuklären, durch praxisorientierte Hilfestellungen und Erklärungen das gegenseitige Verständnis zu verbessern und so langfristig Talente freizuschalten.",,"New Record - Record added",Berlin,,,70390000001619191,"Earline  "
zcrm_70390000001719201,Mccullough,test,zcrm_70390000001473010,test@projecttogether.org,,"Ivo Degn",zcrm_70390000000096001,"Ivo Degn",zcrm_70390000000096001,"2018-07-09 11:36:29","2018-07-09 11:51:46","2018-07-09 11:51:46",false,,"Der Aufbau eines ökologischen Wirtschafts- und Bildungszentrums mit Demonstrationsfarm auf der praxisnah gezeigt wird, wie Agroforstwirtschaft trotz Trockenheit gute Erträge erzielen kann und durch Weiterverarbeitung Wertschöpfung geschaffen wird.
Das Projekt ist so angelegt, dass Kleinbauern das Modell der ökologischen und an die lokalen Bedingungen angepassten Agroforstwirtschaft auf ihrem eigenen Land übernehmen können. Es wurden und werden dafür verschiedene Blueprints angefertigt, die direkt oder wenn gewünscht nochmals an die spezielle Situation der Familie angepasst, übernommen werden können. Im Idealfall breitet sich das Modell in der Region immer weiter aus und erreicht über mehrere Kanäle (Bildungszentrum, Mund zu Mund Propaganda, Internet, Netzwerk der lokalen Organisation) immer mehr interessierte Menschen. Wenn in dieser sehr trockenen Region mit den Agroforst-Modellen gute Erträge erzielt werden können, ist das ein aussagekräftiges Beispiel, das auch Gemeinschaften in anderen Regionen inspirieren kann.",,"New Record - Record added",Kaufbeuren,,,70390000001619190,"Sophie  "
zcrm_70390000001719202,Sellers,test,zcrm_70390000001473010,test@projecttogether.org,,"Ivo Degn",zcrm_70390000000096001,"Ivo Degn",zcrm_70390000000096001,"2018-07-09 11:36:29","2018-07-09 11:51:46","2018-07-09 11:51:46",false,,"Unser Projekt ist ein Open-Source-IT-Projekt mit dem Arbeitstitel ""Drop App 2.0"" zur Unterstützung von Organisationen, die Hilfsgüter sammeln, lagern oder ausgeben.

Drop App an sich ist eine Web-Anwendung. Sie besteht aus 
- einer Art Kassensystem, um den Betrieb eines “social Free-Shops"" zur Ausgabe von Gütern wie Kleidung, Hygieneartikel oder Nahrungsmittel zu ermöglichen. Bedürftige können in einem solchen Shop selbst auswählen, was sie brauchen, anstatt etwas zugewiesen zu bekommen, das evtl. nicht richtig passt oder am Ende gar nicht benötigt wird. Hierzu registriert die Anwendung die Bedürftigen, verteilt digitale “Wertmarken"" und verwaltet alle Transaktionen innerhalb des Shops.
- einem Lagerverwaltungssystem. 
Lagerhäuser, die von Freiwilligen betrieben werden, können leicht im Chaos enden. 
Drop App stellt sicher, dass der Betreiber eines Lagerhauses weiß, wo und was gelagert wird und was für die Zukunft benötigt wird.",,"New Record - Record added",Berlin,,,70390000001619189,"Jesse  "
zcrm_70390000001719203,Allen,test,zcrm_70390000001473010,test@projecttogether.org,,"Ivo Degn",zcrm_70390000000096001,"Ivo Degn",zcrm_70390000000096001,"2018-07-09 11:36:29","2018-07-09 11:51:46","2018-07-09 11:51:46",false,,"Mit ShareCubes - Verleihautomaten möchten wir im Sinne der Sharing Economy Menschen ermöglichen, Gebrauchsgegenstände direkt vor Ort in urbanen Gegenden auszuleihen. Starten möchten wir mit einem Outdoor-Spielzeugverleih-Modell, bei welchem in Parks, Badeseen, Freibädern und ähnlichen Standorten verschiedene Spielgeräte gegen Pfand ausgeliehen werden können.",,"New Record - Haupt_Zielgruppe : Invalid data",Heilbronn,"Vor 5. Call",,70390000001619188,"Casandra  "
zcrm_70390000001719204,Mack,test,zcrm_70390000001473010,test@projecttogether.org,,"Ivo Degn",zcrm_70390000000096001,"Ivo Degn",zcrm_70390000000096001,"2018-07-09 11:36:29","2018-07-09 11:51:46","2018-07-09 11:51:46",false,,"Eine Onlineplattform (Videoblog, Blogazine) für Stuttgart und BaWü zu schaffen, die an konkreten Beispielen zeigt, wieso Dinge sind wie sind, wer sie entscheidet, wieso dieser jemand sie so entscheidet und was Bürger unternehmen können, um ihre Wünsche/Ziele voranzutreiben, umzusetzen. Eine Art Videowiki für ziviles Engagement/Aktivismus.",,"New Record - Record added",Stuttgart,,,70390000001619187,"Nedra  "
zcrm_70390000001719205,Vaughan,test,zcrm_70390000001473010,test@projecttogether.org,,"Ivo Degn",zcrm_70390000000096001,"Ivo Degn",zcrm_70390000000096001,"2018-07-09 11:36:29","2018-07-09 11:51:46","2018-07-09 11:51:46",false,,https://youtu.be/63UHrqnZ_xE,,"New Record - Record added",Berlin,,,70390000001619186,"Zana  "
zcrm_70390000001719206,Joseph,test,zcrm_70390000001473010,test@projecttogether.org,,"Ivo Degn",zcrm_70390000000096001,"Ivo Degn",zcrm_70390000000096001,"2018-07-09 11:36:29","2018-07-09 11:51:46","2018-07-09 11:51:46",false,,"expACT ist eine interaktive medienpädagogische Software, die Kindern auf spielerische Art und Weise einen im Kontext relevanten Zugang zu Computer, Technik und Programmierung bietet. Dabei stellt expACT eine Entwicklungsumgebung zum Programmieren und ein 3D-Zeichentool zugleich dar. In der jetztigen Entwicklungsphase richtet sich expACT an Schüler_innen und Schüler der 6. und 7. Klasse und soll mit der Realisation von mehr Lehreinheiten verschiedener Jahrgangstufen und Fachbereichen kostenfrei als Webversion zur Verfügung stehen. Schließlich soll expACT ein Web-Tool sein, das Lehrer_innen in ihrem Unterricht einsetzten können, um Digital- und Medienkompetenzen zu vermitteln, während sie ihre regulären Unterrichtseinheiten mittels eines digitalen Tools abhalten.",,"New Record - Haupt_Zielgruppe : Invalid data",München,,,70390000001619185,"Carolina  "
zcrm_70390000001719207,Huang,test,zcrm_70390000001473010,test@projecttogether.org,,"Ivo Degn",zcrm_70390000000096001,"Ivo Degn",zcrm_70390000000096001,"2018-07-09 11:36:29","2018-07-09 11:51:46","2018-07-09 11:51:46",false,,"Non-Profit Ventures (NVP) is a tech bootcamp and B2B crowdfunding network for revolutionary Dutch FFI entrepreneurs.",,"New Record - Record added",Amsterdam,,,70390000001619184,"Marica  "
zcrm_70390000001719208,Hicks,test,zcrm_70390000001473010,test@projecttogether.org,,"Ivo Degn",zcrm_70390000000096001,"Ivo Degn",zcrm_70390000000096001,"2018-07-09 11:36:29","2018-07-09 11:51:46","2018-07-09 11:51:46",false,,"Demokratische Schulen bieten Kindern ein Umfeld, in denen sie völlig selbstbestimmt und in größtmöglicher persönlicher Freiheit lernen können. Die Kinder entscheiden ob, wann, wie und mit wem sie etwas lernen möchten und haben somit natürlicherweise eine riesige Freude am Lernen. Besonders bei kleinen Kindern ist die natürliche Herangehensweise das Freie Spiel, ältere setzen häufig größere Projekte um. Dadurch, dass die Kinder alle Zeit der Welt bekommen, wirklich Ihre Stärken und Leidenschaften kennen zu lernen, wachsen sie zu selbstsicheren Persönlichkeiten heran, die sich die Freude am Lernen und an neuen Herausforderungen behalten. Zudem haben alle Schüler in fast allen Angelegenheiten der Schule Mitbestimmungsrecht, das heißt, beispielsweise die Einführung neuer Regeln werden diskutiert oder die Abschaffung alter Regeln angestoßen und am Ende gemeinsam darüber abgestimmt. Da sowohl Lehrer als auch Schüler je eine Stimme haben, ist die Schule Schülerregiert. Auch Konflikte werden gemeinschaftlich gelöst. Der Gedanke dahinter ist gelebte Demokratie und die Erfahrung, dass jeder in seinem Umfeld etwas bewegen kann. Zudem streben wir Partnerschaften mit lokalen Betrieben an, die bei Bedarf spezielles Fachwissen vermitteln oder Praktikumsplätze anbieten. Die Schule soll so nah wie möglich am ""echten"" Leben sein - Entscheidungen selbst treffen und die Konsequenzen selbst tragen. Die Schule ist geplant von den Klassenstufen 1 - 10. Die rund 500 Demokratischen Schulen weltweit machen mit dieser Art der Bildung beste Erfahrungen und auch die aktuelle Entwicklungs- und Gehirnforschung findet in den sich immer wieder wandelnden Strukturen Berücksichtigung. Die Nachfrage seitens der Eltern ist bereits jetzt sehr groß. Wir planen die Schuleröffnung im September 2019.
Aktueller Stand: Gemeinnütziger Trägerverein gegründet, pädagogisches Konzept erarbeitet, bezüglich Gebäude laufen Gespräche. Derzeit suchen wir vor allem Sponsoren (da es in Baden-Württemberg in den ersten 3 J",,"New Record - Handynummer : Invalid data",Meßstetten,,,70390000001619183,"Jaime  "
zcrm_70390000001719209,Lawson,test,zcrm_70390000001473010,test@projecttogether.org,,"Ivo Degn",zcrm_70390000000096001,"Ivo Degn",zcrm_70390000000096001,"2018-07-09 11:36:29","2018-07-09 11:51:46","2018-07-09 11:51:46",false,,"Natürliche Medizin, Nahrungsergänzungsmittel aus eigenem Anbau, Adaptogene, Salutogenese",,"New Record - Record added","Icod de los Vinos",,,70390000001619182,"Trudie  "
zcrm_70390000001719210,Jennings,test,zcrm_70390000001473010,test@projecttogether.org,,"Ivo Degn",zcrm_70390000000096001,"Ivo Degn",zcrm_70390000000096001,"2018-07-09 11:36:29","2018-07-09 11:51:46","2018-07-09 11:51:46",false,,"Bhutan hat 5fach erhöhte Inzidenz an Magenkrebs. Magenkrebs ist die zweithäufigste Todesursache von allen Krebserkrankungen weltweit. Als Ursache für die erhöhte Magenkrebsrate in Bhutan wird die hohe Verseuchung mit dem Helicobacter Pylori Keim gesehen.",,"New Record - Record added",München,,,70390000001619181,"Margene  "
zcrm_70390000001719211,Soto,test,zcrm_70390000001473010,test@projecttogether.org,,"Ivo Degn",zcrm_70390000000096001,"Ivo Degn",zcrm_70390000000096001,"2018-07-09 11:36:29","2018-07-09 11:51:46","2018-07-09 11:51:46",false,,"Eine Bewegung, die den Zusammenhalt der Community durch wöchentliche Aufgaben fördert und die Gewohnheiten nachhaltig ändert. So werden wir Vorbilder für die Werte Achtsamkeit, Demut, Dankbarkeit, Wertschätzung und lernen Verzicht auf Bequemlichkeit und Überfluss.",,"New Record - Record added",Köln,,,70390000001619180,"Kathern  "
zcrm_70390000001719212,Booker,test,zcrm_70390000001473010,test@projecttogether.org,,"Ivo Degn",zcrm_70390000000096001,"Ivo Degn",zcrm_70390000000096001,"2018-07-09 11:36:29","2018-07-09 11:51:46","2018-07-09 11:51:46",false,,"Ich kaue bereits seit einigen Monaten auf „meiner nächsten Projektidee“ herum. Dabei bin ich vor allem auf das Thema Emotionen gestoßen. Ich habe gelernt, wie hilfreich unsere „Native Language“ in unseren komplexen Leben sein kann. Jedoch habe ich beobachtet, wie wir in Deutschland von früh an sehr sträflich mit unseren Emotionen umgehen. Mein Projektimpuls besteht noch aus mehreren Teilen. Zum einen einer neuen Beziehung von Menschen und ihren Emotionen (Gefühlsschule), andererseits einer Gemeinschaft, in der man diese Emoptionen ausleben kann und Hilfestellungen, um selbst reduzierter und bewusster leben zu können.",,"New Record - Motivation_Projektidee : Invalid data",Berlin,,,70390000001619179,"Junie  "
zcrm_70390000001719213,Ramsey,test,zcrm_70390000001473010,test@projecttogether.org,,"Ivo Degn",zcrm_70390000000096001,"Ivo Degn",zcrm_70390000000096001,"2018-07-09 11:36:29","2018-07-09 11:51:46","2018-07-09 11:51:46",false,,"36 Jugendliche (15-20 Jahre) aus Norddeutschland, die Hälfte ""Newcomer"" (seit weniger als 2 Jahren in Deutschland), die andere Hälfte ""Homies"" arbeiten an zwei Vorbereitungs- und fünf Projekttagen an einer Idee (zu den Themen ""Natur"", ""Schule"", ""Menschen""), wie sie ihre Zukunft aktiv und nachhaltig gestalten können. Begleitet durch Teach First Deutschland Fellows, die bei der Umsetzung helfen und gleichzeitig aktiv Sprachunterricht (für alle!) geben, damit die Jugendlichen auch sprachlich ihre Ideen umsetzen und verteidigen können.",,"New Record - Record added",Hamburg,,,70390000001619178,"Izetta  "
zcrm_70390000001719214,Lara,test,zcrm_70390000001473010,test@projecttogether.org,,"Ivo Degn",zcrm_70390000000096001,"Ivo Degn",zcrm_70390000000096001,"2018-07-09 11:36:29","2018-07-09 11:51:46","2018-07-09 11:51:46",false,,"Greatly reduce CO2 emissions in the growing industry in emerging economies by digitalizing the project development process of Renewable Energy systems in the global south. A technology and big-data driven business model (own hardware sensor is in prototype stadium) reduces lead-times, effort and eventually development cost in the renewable energy industry while contributing to the Sustainable Development Goals (SDG7)",,"New Record - Record added",Berlin,,,70390000001619177,"Brittanie  "
zcrm_70390000001719215,Mosley,test,zcrm_70390000001473010,test@projecttogether.org,,"Ivo Degn",zcrm_70390000000096001,"Ivo Degn",zcrm_70390000000096001,"2018-07-09 11:36:29","2018-07-09 11:51:46","2018-07-09 11:51:46",false,,"Haustüren öffnen",,"New Record - Record added","Frankfurt am Main",,,70390000001619176,"Karan  "
zcrm_70390000001719216,Osborne,test,zcrm_70390000001473010,test@projecttogether.org,,"Ivo Degn",zcrm_70390000000096001,"Ivo Degn",zcrm_70390000000096001,"2018-07-09 11:36:29","2018-07-09 11:51:46","2018-07-09 11:51:46",false,,"United Regulations ist eine Onlineplattform für nachhaltige Unternehmensratings. Die Plattform funktioniert, ähnlich wie die Vergleichswebseiten Swoodoo oder Trivago, nur für Unternehmen.",,"New Record - Record added",München,,,70390000001619175,"Shantelle  "
zcrm_70390000001719217,Huffman,test,zcrm_70390000001473010,test@projecttogether.org,,"Ivo Degn",zcrm_70390000000096001,"Ivo Degn",zcrm_70390000000096001,"2018-07-09 11:36:29","2018-07-09 11:51:46","2018-07-09 11:51:46",false,,"Biotonnen und Grün Abfälle Recyclen für eine Biogasanlage oder zu Bio Dünger Verarbeiten.",,"New Record - The module name given seems to be invalid",Rieste,,,70390000001619174,"Lida  "
zcrm_70390000001719218,Leonard,test,zcrm_70390000001473010,test@projecttogether.org,,"Ivo Degn",zcrm_70390000000096001,"Ivo Degn",zcrm_70390000000096001,"2018-07-09 11:36:29","2018-07-09 11:51:46","2018-07-09 11:51:46",false,,"Ich bin dabei eine Onlinebildungsplattform zu kreieren, auf der Schüler und Studenten (Zielgruppe 17-22) in der Lage sind, sich über Themen, die nicht in der Schule besprochen werden, dennoch von vielen als sehr wichtig angesehen werden, zu informieren.
Dies sind meist Themen aus den Bereichen der Persönlichkeitsentwicklung.

Das Geschäftsmodell sieht ähnlich aus wie bei „TheSimpleClub“. Viele kostenlose Videos auf Youtube, allerdings auch eine monetarisierte Version als Onlineplattform incl. Seminare/Workshop oder ähnlichem.
Auf Youtube sind bereits 1000 Abonennten mit dabei, die Plattform extern von Youtube steht noch nicht.",,"New Record - Record added",Stuttgart,,,70390000001619173,"Kareem  "
zcrm_70390000001719219,House,test,zcrm_70390000001473010,test@projecttogether.org,,"Ivo Degn",zcrm_70390000000096001,"Ivo Degn",zcrm_70390000000096001,"2018-07-09 11:36:29","2018-07-09 11:51:46","2018-07-09 11:51:46",false,,"helpcity - eine lokale Community & Vermittlung für Einsame und Kontakt Interessierte Menschen.",,"New Record - Wie_viel_Haupt_Zielgruppe_willst : Invalid data",Köln,,,70390000001619172,"Tuan  "
zcrm_70390000001719220,Ortega,test,zcrm_70390000001473010,test@projecttogether.org,,"Ivo Degn",zcrm_70390000000096001,"Ivo Degn",zcrm_70390000000096001,"2018-07-09 11:36:29","2018-07-09 11:51:46","2018-07-09 11:51:46",false,,"Die Integration von Geflüchteten wird Jahre dauern. Sie ist einer der größten gesellschaftlichen Herausforderungen der Bundesrepublik Deutschland.

Wir wollen helfen diese Herausforderung erfolgreich zu bewältigen. Dies soll über zwei Wege geschehen:
Die Vermittlung von freiwilligen lokalen Helfern und Geflüchteten für Veranstaltungen und Programme von Organisationen.
Das Herstellen einer direkten Verbindung von lokalen Helfern zu Geflüchteten.

Megrate gibt jedem lokalen Bürger und jedem Geflüchteten in Berlin die Möglichkeit simpel und aktiv am Integrationsprozess teilzunehmen.

Mit unserer App findet man einen größeren Pool an Helfern und Geflüchteten. Wir werden auch Nutzer haben, die sich aufgrund der Möglichkeit einer direkten Verbindung zueinander angemeldet haben. Diese würden womöglich die Teilnahme eines Events oder Programms nicht ausschließen, suchen aber auch nicht aktiv nach diesen und kommen generell auch mit solchen nicht in Kontakt.
Bei der direkten Verbindung erhalten Geflüchtete personalisierte Hilfe und die Helfer erhalten die Dankbarkeit an Ort und Stelle. Dies erhöht die Motivation für beide Parteien Megrate erneut zu benutzen. Da diese Verbindungen unabhängig von Institutionen ermöglicht werden sind sie flexibler und spontaner. Durch die Differenzierung von Bedürfnis und der geographischen Lage wird gewährleistet, dass Hilfesuchender und Helfer vermittelt werden können

Wir sind überzeugt, dass über beide Wege viele Verbindungen erzeugt werden können, was sich positiv auf den Integrationsprozess auswirken wird.

Weitere Informationen findet ihr unter: https://megrate.com",,"New Record - Record added",Seligenstadt,,,70390000001619171,"Enda  "
zcrm_70390000001719221,Giles,test,zcrm_70390000001473010,test@projecttogether.org,,"Ivo Degn",zcrm_70390000000096001,"Ivo Degn",zcrm_70390000000096001,"2018-07-09 11:36:29","2018-07-09 11:51:46","2018-07-09 11:51:46",false,,"Zeugen der Flucht e.V. ermöglicht einen Austausch zwischen Geflüchteten und Schülern. Der Austausch soll auf eine einfache Begegnung herunter gebrochen werden. Der Geflüchtete steht als Zeitzeuge der Gegenwart im Mittelpunkt des Geschehens. Die Schüler können die Geflüchteten Fragen fragen, die Zeitzeugen antworten darauf mit ihrer eigenen individuelle Geschichte. So sollen Ängste und Vorurteile abgebaut werden und aus einem übereinander reden, soll ein miteinander reden werden. Die Schüler sollen sich so ein eigenes Bild, fernab von jeglicher medialen Beeinflussung machen können.",,"New Record - Record added","Freiburg im Breisgau",,,70390000001619170,"Brandee  "
zcrm_70390000001719222,Harmon,test,zcrm_70390000001473010,test@projecttogether.org,,"Ivo Degn",zcrm_70390000000096001,"Ivo Degn",zcrm_70390000000096001,"2018-07-09 11:36:29","2018-07-09 11:51:46","2018-07-09 11:51:46",false,,"Gestartet hat ""Ulm UnUsual"" als online-Designplattform, um vor allem kleineren Designer und Labels eine Plattform zu bieten und zu unterstützen. 2016 kam dann die erste DesignMesse dazu, damit die Designer sich auch präsentieren und ihre Produkte verkaufen können.
Seit einem Jahr gehört ebenfalls ein Stadtmagazin (Uhochdrei) dazu, das Menschen und Geschichten aus Ulm & Neu-Ulm in einem bildstarken und grafisch Hochwertigen Print-Magazin portraitiert.
(Außerdem bin ich Teil eines Modelabels, das in Ulm entwirft, produziert und verkauft und veranstalte ein Mal im Jahr einen Street Food Market, der Gastronomen aus Ulm & Umgebung einlädt.)",,"New Record - Record added",Ulm,,,70390000001619169,"Freddy  "
zcrm_70390000001719223,Singleton,test,zcrm_70390000001473010,test@projecttogether.org,,"Ivo Degn",zcrm_70390000000096001,"Ivo Degn",zcrm_70390000000096001,"2018-07-09 11:36:29","2018-07-09 11:51:46","2018-07-09 11:51:46",false,,"Ich bin schon fast 20 Jahre Mitglied im Schützenverein Wolfartsweiler. Seit 2,5 Jahre bin ich ehrenamtlich Jugendleiterin. Mir war schnell bewusst, dass in der heutigen Zeit, geprägt durch Amokläufen, PC, Handy und einer so großen Vielzahl an Vereinen, unser Verein keine große Zukunftschance hat. Ich wollte deshalb der Bevölkerung zeigen, dass wir auch ein Sport- und kein Ballerverein sind und habe deshalb versucht, eine Biathlongruppe zu gründen. Mir ist es wichtig, dass die Kinder und Jugendliche weg von Computerspielen kommen und mehr Bewegung in ihren Alltag bekommen. An nächster Stelle steht nun erfolgreiche Biathleten auszubilden und die Gruppe weiter auszubauen (personell und materiell).",,"New Record - Record added","Bad Saulgau",,,70390000001619168,"Carl  "
zcrm_70390000001719224,Olson,test,zcrm_70390000001473010,test@projecttogether.org,,"Ivo Degn",zcrm_70390000000096001,"Ivo Degn",zcrm_70390000000096001,"2018-07-09 11:36:29","2018-07-09 11:51:46","2018-07-09 11:51:46",false,,"Übergeordnetes Ziel von HEROES® ist es, Jugendlichen, (insbesondere) aus ehrkulturellen Milieus, Freiräume zu schaffen, in denen sie mithilfe intensiver pädagogischer Begleitung durch die Entwicklung eigener Werte und Haltungen in ihrer Persönlichkeits- und Identitätsbildung unterstützt werden. Im Rahmen des Projekts können Jugendliche erfahren und lernen, dass es möglich ist einschränkende, ausgrenzende und gewalttätige Aspekte von Kulturen zu reflektieren und abzulehnen, ohne Furcht vor dem Verlust der eigenen Herkunftskultur und ohne zwischen widersprüchlichen Anforderungen zerrieben zu werden. Darüber hinaus fördert die intensive Auseinandersetzung mit unterschiedlichen Wertensystemen und (Macht-)Strukturen vielfältige Kompetenzen, die für eine aktive Teilnahme an demokratischen Prozessen unabdingbar sind und dazu beitragen, ein gleichberechtigtes gesellschaftliches Miteinander unabhängig von Geschlecht, kulturellem Hintergrund, religiöser Zugehörigkeit oder sexueller Orientierung zu ermöglichen. Hierzu bilden wir Jungen und junge Männer aus ehrkulturellen Milieus zu Peer-to-Peer-Educators aus, welche dann in Schulklassen rollenspielbasierte Workshops ""gegen Unterdrückung im Namen der Ehre"" geben.",,"New Record - Record added",Berlin,,,70390000001619167,"Tanika  "
zcrm_70390000001719225,Sweeney,test,zcrm_70390000001473010,test@projecttogether.org,,"Ivo Degn",zcrm_70390000000096001,"Ivo Degn",zcrm_70390000000096001,"2018-07-09 11:36:29","2018-07-09 11:51:46","2018-07-09 11:51:46",false,,"Über digitale Anwendungen sollen Menschen aus unterschiedlichen Wahlkreisen die Möglichkeit erhalten die Lebensrealitäten von Menschen mit anderen Lebensumständen kennen zu lernen. Zudem wird die politische Instanz des Wahlkreises, aus der die Direktkandidaten für den Bundestag entsandt werden, gestärkt.",,Aktiv,Hannover,"Vor 2. Call",,70390000001619166,"Reva  "
zcrm_70390000001719226,Bass,test,zcrm_70390000001473010,test@projecttogether.org,,"Ivo Degn",zcrm_70390000000096001,"Ivo Degn",zcrm_70390000000096001,"2018-07-09 11:36:29","2018-07-09 11:51:46","2018-07-09 11:51:46",false,,"The idea addresses the potential of solving two distant societal issues by combining them. The first issue addresses weak methods of including the elder generation (60+ years old) in present-day practices, which results in harsh exclusion and loneliness. Secondly the continuing struggle of refugee acculturation/integration to German society. 

Sigh by Side would be a platform that helps match local elders and refugee youth by their interests and skills. The match will then be followed by organised meetings where both parties get to spend time together in their chosen manner. The friendly organised sessions would fall under community service from both sides to achieve cultural coexistence. 

The purpose is to
1. Create a platform where Berlin’s ageing population can offer their mentorship and lifelong experience to a meaningful relationship that leaves them with a feeling of companionship and purposefulness. 
2. Introduce a mean of acculturation for a young generation of refugees that isn’t a one way transaction but a give and take form of integration; where both parties are kindly choosing to help each other in different forms. 
3. Last but not least the potential aid of Cultural coexistence on an emotional and technical level. This method may introduce a compassionate and individual way of understanding cultural differences, the feeling of being accepted and involved for both sides. On the other hand refugees receiving help with technical challenges they may face like asylum or unemployment paperwork, housing aid, registration etc

:)",,"New Record - Record added",Berlin,,,70390000001619165,"Zita  "
zcrm_70390000001719227,Galloway,test,zcrm_70390000001473010,test@projecttogether.org,,"Ivo Degn",zcrm_70390000000096001,"Ivo Degn",zcrm_70390000000096001,"2018-07-09 11:36:29","2018-07-09 11:51:46","2018-07-09 11:51:46",false,,"Sowohl Gesundheitsfachberufen, als auch Angehörigen von Pflegebedürftigen und chronisch Kranke, als auch diese selbst sollen in ihrer beruflichen und privaten Alltagsbewältigung unterstützt werden, indem Wissen und Kompetenzen vermittelt werden. Entsprechendes Wissen soll auf pflege- und gesundheitswissenschaftlichen Grundlagen beruhen.",,"New Record - Record added",Mühldorf,,,70390000001619164,"Aracely  "
zcrm_70390000001719228,Espinoza,test,zcrm_70390000001473010,test@projecttogether.org,,"Ivo Degn",zcrm_70390000000096001,"Ivo Degn",zcrm_70390000000096001,"2018-07-09 11:36:29","2018-07-09 11:51:46","2018-07-09 11:51:46",false,,"Effektvoll ist ein Medienunternehmen, welches sich explizit auf positive und motivierende Nachrichten konzentriert. Effektvoll soll den Journalismus revolutionieren, in dem es sich explizit auf positiven Journalismus konzentriert.",,"New Record - Record added",Berlin,,,70390000001619163,"Chanell  "
zcrm_70390000001719229,Bauer,test,zcrm_70390000001473010,test@projecttogether.org,,"Ivo Degn",zcrm_70390000000096001,"Ivo Degn",zcrm_70390000000096001,"2018-07-09 11:36:29","2018-07-09 11:51:46","2018-07-09 11:51:46",false,,"Wir haben den Verein RESTLOS GLÜCKLICH e.V. 2015 gegründet mit dem Ziel, das erste Restaurant gegen
Lebensmittelverschwendung zu eröffnen und dies im Jahr 2016 auch umgesetzt. Auch wenn unsere Idee schon viele Nachahmer
gefunden hat, von denen wir viele in ihrer Gründung beraten haben, so sind wir immer noch die einzige Organisation, die aus
Supermarkt-""Resten"" ein hochwertiges Drei-Gänge-Menü kredenzt.
Die Herausforderung und das Revolutionäre an unseren Menüs ist, dass wir sie nicht im Voraus planen können, da wir nie
wissen, welche Lebensmittel wir retten werden. In unseren Bildungworkshops und Kochkursen wollen wir diese Flexibilität an die
Teilnehmenden weitergeben. Denn eine Resteküche funktioniert am besten ohne Rezepte. Die Herausforderung ist es, die
Produkte zu verwenden, die zur Verfügung stehen oder gerade schnell verarbeitet werden müssen, da sie nicht mehr lange
haltbar sind.
Unsere Workshop-Teilnehmer sind immer wieder erstaunt, wie hochwertig und gut erhalten gerettete Lebensmittel sind. Vielen
Menschen fällt es schwer, sich auf kreative Weise - ohne Rezepte - auf den Prozess des Kochens einzulassen. Wir zeigen, wie
einfach und kreativ nachhaltiger Umgang mit Lebensmitteln ist und wie viel Spaß das macht. Die Verbindung von Bildungsarbeit
und gemeinsamen Restekochen ist aus unserer Sicht sehr innovativ.

Zweck des Vereins ist die Förderung, Unterstützung und Gestaltung eines stärkeren Bewusstseins in der Gesellschaft für
nachhaltige Ernährungsketten und Ernährungssicherheit. Dazu zählt die Förderung von Erziehung, Volks- und Berufsbildung
sowie die Förderung von Verbraucherberatung und Verbraucherschutz.
Dabei geht es dem Verein vor allem um die Verringerung von Lebensmittelverschwendung, die Förderung von bewusstem
Lebensmittelkonsum und die Begünstigung bürgerschaftlichen Engagements zugunsten gemeinnütziger Zwecke und thematische Bildungsarbeit mit Kindern, Jugendlichen und Erwachsenen.


Der Zweck des Vereins wird insbesondere verwirklicht durch:",,Aktiv,Berlin,"Vor 2. Call",,70390000001619162,"Roseanne  "
zcrm_70390000001719230,Horn,test,zcrm_70390000001473010,test@projecttogether.org,,"Ivo Degn",zcrm_70390000000096001,"Ivo Degn",zcrm_70390000000096001,"2018-07-09 11:36:29","2018-07-09 11:51:46","2018-07-09 11:51:46",false,,"Effektvoll ist ein Medienunternehmen, welches sich explizit auf positive und motivierende Nachrichten konzentriert. Effektvoll soll den Journalismus revolutionieren, in dem es sich explizit auf positiven Journalismus konzentriert.","Gesundheit und Wohlergehen",Aktiv,Berlin,,Effektvoll,70390000001548082,"Tijuana  "
zcrm_70390000001719231,Bentley,test,zcrm_70390000001473010,test@projecttogether.org,,"Ivo Degn",zcrm_70390000000096001,"Ivo Degn",zcrm_70390000000096001,"2018-07-09 11:36:29","2018-07-09 11:51:46","2018-07-09 11:51:46",false,,"Sowohl Gesundheitsfachberufen, als auch Angehörigen von Pflegebedürftigen und chronisch Kranke, als auch diese selbst sollen in ihrer beruflichen und privaten Alltagsbewältigung unterstützt werden, indem Wissen und Kompetenzen vermittelt werden. Entsprechendes Wissen soll auf pflege- und gesundheitswissenschaftlichen Grundlagen beruhen.","Gesundheit und Wohlergehen",Aktiv,Mühldorf,,Wissen.Schafft.Pflege,70390000001546022,"Hermila  "
zcrm_70390000001719232,Gates,test,zcrm_70390000001473010,test@projecttogether.org,,"Ivo Degn",zcrm_70390000000096001,"Ivo Degn",zcrm_70390000000096001,"2018-07-09 11:36:29","2018-07-09 11:51:46","2018-07-09 11:51:46",false,,"Übergeordnetes Ziel von HEROES® ist es, Jugendlichen, (insbesondere) aus ehrkulturellen Milieus, Freiräume zu schaffen, in denen sie mithilfe intensiver pädagogischer Begleitung durch die Entwicklung eigener Werte und Haltungen in ihrer Persönlichkeits- und Identitätsbildung unterstützt werden. Im Rahmen des Projekts können Jugendliche erfahren und lernen, dass es möglich ist einschränkende, ausgrenzende und gewalttätige Aspekte von Kulturen zu reflektieren und abzulehnen, ohne Furcht vor dem Verlust der eigenen Herkunftskultur und ohne zwischen widersprüchlichen Anforderungen zerrieben zu werden. Darüber hinaus fördert die intensive Auseinandersetzung mit unterschiedlichen Wertensystemen und (Macht-)Strukturen vielfältige Kompetenzen, die für eine aktive Teilnahme an demokratischen Prozessen unabdingbar sind und dazu beitragen, ein gleichberechtigtes gesellschaftliches Miteinander unabhängig von Geschlecht, kulturellem Hintergrund, religiöser Zugehörigkeit oder sexueller Orientierung zu ermöglichen. Hierzu bilden wir Jungen und junge Männer aus ehrkulturellen Milieus zu Peer-to-Peer-Educators aus, welche dann in Schulklassen rollenspielbasierte Workshops ""gegen Unterdrückung im Namen der Ehre"" geben.",Geschlechter-Gleichstellung,Aktiv,Berlin,,"HEROES® - gegen Unterdrückung im Namen der Ehre",70390000001538011,"Estelle  "
zcrm_70390000001719233,Costa,test,zcrm_70390000001473010,test@projecttogether.org,,"Ivo Degn",zcrm_70390000000096001,"Ivo Degn",zcrm_70390000000096001,"2018-07-09 11:36:29","2018-07-09 11:51:46","2018-07-09 11:51:46",false,,"The idea addresses the potential of solving two distant societal issues by combining them. The first issue addresses weak methods of including the elder generation (60+ years old) in present-day practices, which results in harsh exclusion and loneliness. Secondly the continuing struggle of refugee acculturation/integration to German society. 

Sigh by Side would be a platform that helps match local elders and refugee youth by their interests and skills. The match will then be followed by organised meetings where both parties get to spend time together in their chosen manner. The friendly organised sessions would fall under community service from both sides to achieve cultural coexistence. 

The purpose is to
1. Create a platform where Berlin’s ageing population can offer their mentorship and lifelong experience to a meaningful relationship that leaves them with a feeling of companionship and purposefulness. 
2. Introduce a mean of acculturation for a young generation of refugees that isn’t a one way transaction but a give and take form of integration; where both parties are kindly choosing to help each other in different forms. 
3. Last but not least the potential aid of Cultural coexistence on an emotional and technical level. This method may introduce a compassionate and individual way of understanding cultural differences, the feeling of being accepted and involved for both sides. On the other hand refugees receiving help with technical challenges they may face like asylum or unemployment paperwork, housing aid, registration etc

:)","Nachhaltige Städte und Gemeinden",Aktiv,Berlin,,"Sigh by Side",70390000001537039,"Sofia  "
zcrm_70390000001719234,Lee,test,zcrm_70390000001473010,test@projecttogether.org,,"Ivo Degn",zcrm_70390000000096001,"Ivo Degn",zcrm_70390000000096001,"2018-07-09 11:36:29","2018-07-09 11:51:46","2018-07-09 11:51:46",false,,"Über digitale Anwendungen sollen Menschen aus unterschiedlichen Wahlkreisen die Möglichkeit erhalten die Lebensrealitäten von Menschen mit anderen Lebensumständen kennen zu lernen. Zudem wird die politische Instanz des Wahlkreises, aus der die Direktkandidaten für den Bundestag entsandt werden, gestärkt.","Frieden, Gerechtigkeit und starke Institutionen",Aktiv,Hannover,,"Meet my Wahlkreis (MMW)",70390000001537016,"Rocco  "
zcrm_70390000001719235,Strong,test,zcrm_70390000001473010,test@projecttogether.org,,"Ivo Degn",zcrm_70390000000096001,"Ivo Degn",zcrm_70390000000096001,"2018-07-09 11:36:29","2018-07-09 11:51:46","2018-07-09 11:51:46",false,,"Ich bin schon fast 20 Jahre Mitglied im Schützenverein Wolfartsweiler. Seit 2,5 Jahre bin ich ehrenamtlich Jugendleiterin. Mir war schnell bewusst, dass in der heutigen Zeit, geprägt durch Amokläufen, PC, Handy und einer so großen Vielzahl an Vereinen, unser Verein keine große Zukunftschance hat. Ich wollte deshalb der Bevölkerung zeigen, dass wir auch ein Sport- und kein Ballerverein sind und habe deshalb versucht, eine Biathlongruppe zu gründen. Mir ist es wichtig, dass die Kinder und Jugendliche weg von Computerspielen kommen und mehr Bewegung in ihren Alltag bekommen. An nächster Stelle steht nun erfolgreiche Biathleten auszubilden und die Gruppe weiter auszubauen (personell und materiell).","Gesundheit und Wohlergehen",Aktiv,"Bad Saulgau","Vor 2. Call","Aufbau einer Sommerbiathlongruppe",70390000001528018,"Yoshiko  "
